<component name="ProjectRunConfigurationManager">
  <configuration default="false" name="WebshopApplication" type="SpringBootApplicationConfigurationType" factoryName="Spring Boot">
    <module name="webshop_backend" />
    <option name="SPRING_BOOT_MAIN_CLASS" value="webshop.WebshopApplication" />
    <option name="ALTERNATIVE_JRE_PATH_ENABLED" value="true" />
    <option name="ALTERNATIVE_JRE_PATH" value="11" />
    <envs>
      <env name="DB_USERNAME" value="root" />
      <env name="DB_PASSWORD" value="SAMAT" />
      <env name="HIBERNATE_DIALECT" value="org.hibernate.dialect.MySQL5InnoDBDialect" />
    </envs>
    <method v="2">
      <option name="Make" enabled="true" />
    </method>
  </configuration>
</component>